{"club_finance": {"arsenal": 184652000, "aston villa": 125897200, "bournemouth": 62764000, "brentford": 54301000, "brighton": 60645000, "burnley": 55970000, "chelsea": 164788000, "crystal palace": 67828800, "everton": 75379200, "fulham": 77519000, "leeds united": 59306000, "liverpool": 172400800, "manchester city": 222315600, "manchester utd": 159341000, "newcastle utd": 116584000, "nott'ham forest": 93457000, "sunderland": 68016000, "tottenham": 132912000, "west ham": 86143200, "wolves": 72358000, "real madrid": 305400000, "barcelona": 222040000, "atl\u00e9tico madrid": 157285000, "athletic club": 84550000, "betis": 75990000, "villarreal": 69960000, "real sociedad": 67420000, "sevilla": 65150000, "girona": 50105000, "valencia": 45340000, "celta vigo": 38510000, "mallorca": 34960000, "getafe": 34390000, "rayo vallecano": 31460000, "oviedo": 30515000, "osasuna": 27980000, "elche": 26960000, "espanyol": 26220000, "alav\u00e9s": 25800000, "levante": 25080000, "inter": 136200000, "juventus": 125820000, "napoli": 112200000, "roma": 109090000, "milan": 94700000, "lazio": 77280000, "fiorentina": 65840000, "atalanta": 58640000, "torino": 50970000, "bologna": 45300000, "como": 44520000, "sassuolo": 39320000, "cremonese": 33340000, "genoa": 30190000, "hellas verona": 29340000, "cagliari": 28990000, "parma": 25480000, "udinese": 25290000, "pisa": 19840000, "lecce": 19550000, "paris s-g": 174790000, "marseille": 95420000, "monaco": 62220000, "nice": 59500000, "rennes": 53280000, "lyon": 51730000, "lille": 47790000, "lens": 38840000, "paris fc": 35110000, "strasbourg": 33170000, "nantes": 29610000, "brest": 27600000, "lorient": 23730000, "metz": 22520000, "toulouse": 21600000, "auxerre": 19420000, "angers": 17980000, "le havre": 17870000, "bayern munich": 257580000, "dortmund": 123750000, "rb leipzig": 92280000, "leverkusen": 91680000, "eint frankfurt": 64130000, "wolfsburg": 63780000, "stuttgart": 62140000, "freiburg": 56180000, "gladbach": 54430000, "hoffenheim": 54160000, "werder bremen": 44320000, "hamburger sv": 38400000, "mainz 05": 37770000, "augsburg": 36590000, "union berlin": 36160000, "k\u00f6ln": 34080000, "st. pauli": 25420000, "heidenheim": 25070000}, "socio_data": {"bundesliga": {"Tax_Rate": 0.455668507100735, "COV_Factor": 1.0899482068503357}, "la liga": {"Tax_Rate": 0.469491684675373, "COV_Factor": 0.8893067412284839}, "ligue 1": {"Tax_Rate": 0.536627520564367, "COV_Factor": 1.0842336606134113}, "premier league": {"Tax_Rate": 0.494606050895107, "COV_Factor": 0.9966652656139828}, "serie a": {"Tax_Rate": 0.532244220529071, "COV_Factor": 0.9398461256937866}}}